{"cameraMode":{"drawMode":0,"name":"Shaded","section":"Shading Mode"},"sceneLighting":false,"audioPlay":false,"sceneViewState":{"m_AlwaysRefresh":false,"showFog":true,"showSkybox":false,"showFlares":true,"showImageEffects":true,"showParticleSystems":true,"showVisualEffectGraphs":true,"m_FxEnabled":true},"in2DMode":false,"pivot":{"x":-0.6146780848503113,"y":-2.634223461151123,"z":-2.868353843688965},"rotation":{"x":-0.007007663603872061,"y":0.8006627559661865,"z":-0.5990070700645447,"w":-0.009367944672703743},"size":3.4307761192321779,"orthographic":false}