{"cameraMode":{"drawMode":0,"name":"Shaded","section":"Shading Mode"},"sceneLighting":false,"audioPlay":false,"sceneViewState":{"m_AlwaysRefresh":false,"showFog":true,"showSkybox":false,"showFlares":true,"showImageEffects":true,"showParticleSystems":true,"showVisualEffectGraphs":true,"m_FxEnabled":true},"in2DMode":false,"pivot":{"x":0.013157723471522332,"y":1.1703660488128663,"z":0.005096251145005226},"rotation":{"x":-0.10958529263734818,"y":0.008048616349697113,"z":-0.000886473513673991,"w":-0.9939470291137695},"size":0.31204181909561159,"orthographic":false}