{"cameraMode":{"drawMode":0,"name":"Shaded","section":"Shading Mode"},"sceneLighting":false,"audioPlay":false,"sceneViewState":{"m_AlwaysRefresh":false,"showFog":true,"showSkybox":false,"showFlares":true,"showImageEffects":true,"showParticleSystems":true,"showVisualEffectGraphs":true,"m_FxEnabled":true},"in2DMode":false,"pivot":{"x":0.6120024919509888,"y":0.417516827583313,"z":1.3860459327697755},"rotation":{"x":-0.034761250019073489,"y":-0.048854295164346698,"z":0.0016967998817563058,"w":-0.9982046484947205},"size":2.666025400161743,"orthographic":false}