{"cameraMode":{"drawMode":0,"name":"Shaded","section":"Shading Mode"},"sceneLighting":false,"audioPlay":false,"sceneViewState":{"m_AlwaysRefresh":false,"showFog":true,"showSkybox":false,"showFlares":true,"showImageEffects":true,"showParticleSystems":true,"showVisualEffectGraphs":true,"m_FxEnabled":true},"in2DMode":false,"pivot":{"x":20.761526107788087,"y":8.524696350097657,"z":-58.36808776855469},"rotation":{"x":0.021524854004383088,"y":-0.9774779081344605,"z":0.16910900175571443,"w":0.12442083656787873},"size":81.25366973876953,"orthographic":false}