{"cameraMode":{"drawMode":0,"name":"Shaded","section":"Shading Mode"},"sceneLighting":false,"audioPlay":false,"sceneViewState":{"m_AlwaysRefresh":false,"showFog":true,"showSkybox":false,"showFlares":true,"showImageEffects":true,"showParticleSystems":true,"showVisualEffectGraphs":true,"m_FxEnabled":true},"in2DMode":false,"pivot":{"x":0.04897356033325195,"y":8.524667739868164,"z":-2.0324716567993166},"rotation":{"x":-0.013673818670213223,"y":-0.928104817867279,"z":0.37049227952957156,"w":-0.03425733745098114},"size":9.566028594970704,"orthographic":false}